Datetime (UTC),Country,Zone Name,Zone Id,Carbon Intensity gCO₂eq/kWh (direct),Carbon Intensity gCO₂eq/kWh (LCA),Low Carbon Percentage,Renewable Percentage,Data Source
2023-01-01 00:00:00,Costa Rica,Costa Rica,CR,46.47,83.72,89.96,89.96,Electricity Maps Estimation
2023-01-02 00:00:00,Costa Rica,Costa Rica,CR,45.10,81.50,90.26,90.26,Electricity Maps Estimation
2023-01-03 00:00:00,Costa Rica,Costa Rica,CR,43.15,79.70,90.60,90.60,Electricity Maps Estimation
2023-01-04 00:00:00,Costa Rica,Costa Rica,CR,43.06,80.11,90.56,90.56,Electricity Maps Estimation
2023-01-05 00:00:00,Costa Rica,Costa Rica,CR,42.89,78.70,90.69,90.69,Electricity Maps Estimation
2023-01-06 00:00:00,Costa Rica,Costa Rica,CR,40.60,76.00,91.15,91.15,Electricity Maps Estimation
2023-01-07 00:00:00,Costa Rica,Costa Rica,CR,42.27,77.53,90.83,90.83,Electricity Maps Estimation
2023-01-08 00:00:00,Costa Rica,Costa Rica,CR,48.89,85.37,89.54,89.54,Electricity Maps Estimation
2023-01-09 00:00:00,Costa Rica,Costa Rica,CR,59.40,96.60,87.54,87.54,Electricity Maps Estimation
2023-01-10 00:00:00,Costa Rica,Costa Rica,CR,55.64,92.70,88.21,88.21,Electricity Maps Estimation
2023-01-11 00:00:00,Costa Rica,Costa Rica,CR,48.18,84.45,89.75,89.75,Electricity Maps Estimation
2023-01-12 00:00:00,Costa Rica,Costa Rica,CR,52.21,89.76,88.98,88.98,Electricity Maps Estimation
2023-01-13 00:00:00,Costa Rica,Costa Rica,CR,48.03,85.78,89.76,89.76,Electricity Maps Estimation
2023-01-14 00:00:00,Costa Rica,Costa Rica,CR,42.31,78.31,90.91,90.91,Electricity Maps Estimation
2023-01-15 00:00:00,Costa Rica,Costa Rica,CR,38.72,73.99,91.54,91.54,Electricity Maps Estimation
2023-01-16 00:00:00,Costa Rica,Costa Rica,CR,38.67,73.80,91.53,91.53,Electricity Maps Estimation
2023-01-17 00:00:00,Costa Rica,Costa Rica,CR,40.27,76.16,91.20,91.20,Electricity Maps Estimation
2023-01-18 00:00:00,Costa Rica,Costa Rica,CR,43.38,80.46,90.56,90.56,Electricity Maps Estimation
2023-01-19 00:00:00,Costa Rica,Costa Rica,CR,44.07,81.94,90.35,90.35,Electricity Maps Estimation
2023-01-20 00:00:00,Costa Rica,Costa Rica,CR,42.81,78.76,90.74,90.74,Electricity Maps Estimation
2023-01-21 00:00:00,Costa Rica,Costa Rica,CR,40.55,76.03,91.17,91.17,Electricity Maps Estimation
2023-01-22 00:00:00,Costa Rica,Costa Rica,CR,39.90,75.79,91.28,91.28,Electricity Maps Estimation
2023-01-23 00:00:00,Costa Rica,Costa Rica,CR,41.15,77.98,90.98,90.98,Electricity Maps Estimation
2023-01-24 00:00:00,Costa Rica,Costa Rica,CR,41.28,77.25,91.03,91.03,Electricity Maps Estimation
2023-01-25 00:00:00,Costa Rica,Costa Rica,CR,45.93,83.78,90.04,90.04,Electricity Maps Estimation
2023-01-26 00:00:00,Costa Rica,Costa Rica,CR,48.03,87.18,89.63,89.63,Electricity Maps Estimation
2023-01-27 00:00:00,Costa Rica,Costa Rica,CR,43.91,79.79,90.55,90.55,Electricity Maps Estimation
2023-01-28 00:00:00,Costa Rica,Costa Rica,CR,41.56,78.00,90.95,90.95,Electricity Maps Estimation
2023-01-29 00:00:00,Costa Rica,Costa Rica,CR,38.44,73.28,91.58,91.58,Electricity Maps Estimation
2023-01-30 00:00:00,Costa Rica,Costa Rica,CR,39.42,74.92,91.36,91.36,Electricity Maps Estimation
2023-01-31 00:00:00,Costa Rica,Costa Rica,CR,40.50,76.36,91.16,91.16,Electricity Maps Estimation
2023-02-01 00:00:00,Costa Rica,Costa Rica,CR,17.08,41.53,96.92,96.92,Electricity Maps Estimation
2023-02-02 00:00:00,Costa Rica,Costa Rica,CR,15.81,40.13,97.17,97.17,Electricity Maps Estimation
2023-02-03 00:00:00,Costa Rica,Costa Rica,CR,14.14,37.13,97.52,97.52,Electricity Maps Estimation
2023-02-04 00:00:00,Costa Rica,Costa Rica,CR,16.57,41.73,96.98,96.98,Electricity Maps Estimation
2023-02-05 00:00:00,Costa Rica,Costa Rica,CR,18.65,46.08,96.51,96.51,Electricity Maps Estimation
2023-02-06 00:00:00,Costa Rica,Costa Rica,CR,16.92,42.53,96.91,96.91,Electricity Maps Estimation
2023-02-07 00:00:00,Costa Rica,Costa Rica,CR,19.45,45.97,96.37,96.37,Electricity Maps Estimation
2023-02-08 00:00:00,Costa Rica,Costa Rica,CR,26.20,52.69,95.15,95.15,Electricity Maps Estimation
2023-02-09 00:00:00,Costa Rica,Costa Rica,CR,27.54,53.39,94.93,94.93,Electricity Maps Estimation
2023-02-10 00:00:00,Costa Rica,Costa Rica,CR,14.83,42.72,97.16,97.16,Electricity Maps Estimation; grupoice.com
2023-02-11 00:00:00,Costa Rica,Costa Rica,CR,9.27,38.14,98.14,98.14,grupoice.com
2023-02-12 00:00:00,Costa Rica,Costa Rica,CR,3.77,31.72,99.25,99.25,grupoice.com
2023-02-13 00:00:00,Costa Rica,Costa Rica,CR,8.84,36.81,98.32,98.32,grupoice.com
2023-02-14 00:00:00,Costa Rica,Costa Rica,CR,15.78,44.07,97.00,97.00,grupoice.com
2023-02-15 00:00:00,Costa Rica,Costa Rica,CR,23.24,52.67,95.57,95.57,grupoice.com
2023-02-16 00:00:00,Costa Rica,Costa Rica,CR,23.20,53.36,95.55,95.55,grupoice.com
2023-02-17 00:00:00,Costa Rica,Costa Rica,CR,22.02,51.70,95.80,95.80,grupoice.com
2023-02-18 00:00:00,Costa Rica,Costa Rica,CR,15.74,45.33,97.04,97.04,grupoice.com
2023-02-19 00:00:00,Costa Rica,Costa Rica,CR,7.22,37.59,98.55,98.55,grupoice.com
2023-02-20 00:00:00,Costa Rica,Costa Rica,CR,4.82,32.60,99.09,99.09,grupoice.com
2023-02-21 00:00:00,Costa Rica,Costa Rica,CR,7.65,35.63,98.55,98.55,grupoice.com
2023-02-22 00:00:00,Costa Rica,Costa Rica,CR,8.81,36.64,98.28,98.28,grupoice.com
2023-02-23 00:00:00,Costa Rica,Costa Rica,CR,8.35,38.36,98.18,98.18,grupoice.com
2023-02-24 00:00:00,Costa Rica,Costa Rica,CR,8.57,37.65,98.08,98.08,grupoice.com
2023-02-25 00:00:00,Costa Rica,Costa Rica,CR,6.63,35.39,98.46,98.46,grupoice.com
2023-02-26 00:00:00,Costa Rica,Costa Rica,CR,2.79,30.45,99.35,99.35,Electricity Maps Estimation; grupoice.com
2023-02-27 00:00:00,Costa Rica,Costa Rica,CR,8.82,37.79,97.95,97.95,grupoice.com
2023-02-28 00:00:00,Costa Rica,Costa Rica,CR,13.43,43.41,96.88,96.88,grupoice.com
2023-03-01 00:00:00,Costa Rica,Costa Rica,CR,17.23,48.20,96.00,96.00,Electricity Maps Estimation; grupoice.com
2023-03-02 00:00:00,Costa Rica,Costa Rica,CR,16.58,47.32,96.15,96.15,Electricity Maps Estimation; grupoice.com
2023-03-03 00:00:00,Costa Rica,Costa Rica,CR,19.43,51.65,95.49,95.49,grupoice.com
2023-03-04 00:00:00,Costa Rica,Costa Rica,CR,67.65,107.30,85.17,85.17,Electricity Maps Estimation; grupoice.com
2023-03-05 00:00:00,Costa Rica,Costa Rica,CR,22.86,56.07,94.67,94.67,grupoice.com
2023-03-06 00:00:00,Costa Rica,Costa Rica,CR,21.39,54.48,95.01,95.01,grupoice.com
2023-03-07 00:00:00,Costa Rica,Costa Rica,CR,31.87,69.66,92.47,92.47,grupoice.com
2023-03-08 00:00:00,Costa Rica,Costa Rica,CR,25.09,58.81,94.47,94.47,grupoice.com
2023-03-09 00:00:00,Costa Rica,Costa Rica,CR,28.08,62.17,94.04,94.04,grupoice.com
2023-03-10 00:00:00,Costa Rica,Costa Rica,CR,40.42,78.31,91.77,91.77,grupoice.com
2023-03-11 00:00:00,Costa Rica,Costa Rica,CR,43.67,83.75,91.00,91.00,grupoice.com
2023-03-12 00:00:00,Costa Rica,Costa Rica,CR,60.86,112.47,86.72,86.72,grupoice.com
2023-03-13 00:00:00,Costa Rica,Costa Rica,CR,59.21,110.69,87.01,87.01,grupoice.com
2023-03-14 00:00:00,Costa Rica,Costa Rica,CR,33.75,71.01,93.16,93.15,grupoice.com
2023-03-15 00:00:00,Costa Rica,Costa Rica,CR,31.08,65.70,93.87,93.87,grupoice.com
2023-03-16 00:00:00,Costa Rica,Costa Rica,CR,25.66,58.61,94.93,94.93,grupoice.com
2023-03-17 00:00:00,Costa Rica,Costa Rica,CR,23.74,56.63,95.36,95.36,grupoice.com
2023-03-18 00:00:00,Costa Rica,Costa Rica,CR,30.11,65.20,94.10,94.10,grupoice.com
2023-03-19 00:00:00,Costa Rica,Costa Rica,CR,24.50,57.32,95.24,95.24,grupoice.com
2023-03-20 00:00:00,Costa Rica,Costa Rica,CR,30.18,66.09,93.67,93.67,Electricity Maps Estimation; grupoice.com
2023-03-21 00:00:00,Costa Rica,Costa Rica,CR,31.87,68.37,93.23,93.23,grupoice.com
2023-03-22 00:00:00,Costa Rica,Costa Rica,CR,27.95,62.28,94.18,94.18,grupoice.com
2023-03-23 00:00:00,Costa Rica,Costa Rica,CR,36.10,74.62,92.21,92.21,grupoice.com
2023-03-24 00:00:00,Costa Rica,Costa Rica,CR,29.66,62.99,94.08,94.08,grupoice.com
2023-03-25 00:00:00,Costa Rica,Costa Rica,CR,32.88,75.45,92.44,92.44,grupoice.com
2023-03-26 00:00:00,Costa Rica,Costa Rica,CR,10.27,42.55,97.66,97.66,grupoice.com
2023-03-27 00:00:00,Costa Rica,Costa Rica,CR,19.52,54.92,95.70,95.70,grupoice.com
2023-03-28 00:00:00,Costa Rica,Costa Rica,CR,24.77,58.49,95.01,95.01,grupoice.com
2023-03-29 00:00:00,Costa Rica,Costa Rica,CR,23.33,55.45,95.38,95.38,grupoice.com
2023-03-30 00:00:00,Costa Rica,Costa Rica,CR,23.18,54.85,95.43,95.43,grupoice.com
2023-03-31 00:00:00,Costa Rica,Costa Rica,CR,20.51,51.44,95.99,95.99,grupoice.com
2023-04-01 00:00:00,Costa Rica,Costa Rica,CR,23.56,54.97,95.54,95.54,grupoice.com
2023-04-02 00:00:00,Costa Rica,Costa Rica,CR,8.51,36.52,98.42,98.42,grupoice.com
2023-04-03 00:00:00,Costa Rica,Costa Rica,CR,12.49,42.10,97.52,97.52,grupoice.com
2023-04-04 00:00:00,Costa Rica,Costa Rica,CR,23.13,55.19,95.40,95.40,grupoice.com
2023-04-05 00:00:00,Costa Rica,Costa Rica,CR,22.04,53.83,95.61,95.61,grupoice.com
2023-04-06 00:00:00,Costa Rica,Costa Rica,CR,4.56,31.00,99.09,99.09,grupoice.com
2023-04-07 00:00:00,Costa Rica,Costa Rica,CR,7.61,34.26,98.50,98.50,grupoice.com
2023-04-08 00:00:00,Costa Rica,Costa Rica,CR,3.23,29.11,99.36,99.36,grupoice.com
2023-04-09 00:00:00,Costa Rica,Costa Rica,CR,1.01,26.09,99.81,99.81,grupoice.com
2023-04-10 00:00:00,Costa Rica,Costa Rica,CR,6.32,32.59,98.74,98.74,grupoice.com
2023-04-11 00:00:00,Costa Rica,Costa Rica,CR,8.11,34.12,98.39,98.39,grupoice.com
2023-04-12 00:00:00,Costa Rica,Costa Rica,CR,13.89,41.86,97.07,97.07,grupoice.com
2023-04-13 00:00:00,Costa Rica,Costa Rica,CR,14.40,42.33,97.00,97.00,grupoice.com
2023-04-14 00:00:00,Costa Rica,Costa Rica,CR,16.01,44.42,96.72,96.72,grupoice.com
2023-04-15 00:00:00,Costa Rica,Costa Rica,CR,15.92,43.74,96.86,96.86,grupoice.com
2023-04-16 00:00:00,Costa Rica,Costa Rica,CR,12.73,40.77,97.60,97.60,grupoice.com
2023-04-17 00:00:00,Costa Rica,Costa Rica,CR,21.62,57.92,95.06,95.06,grupoice.com
2023-04-18 00:00:00,Costa Rica,Costa Rica,CR,17.36,49.73,96.27,96.27,grupoice.com
2023-04-19 00:00:00,Costa Rica,Costa Rica,CR,15.64,46.56,96.57,96.57,grupoice.com
2023-04-20 00:00:00,Costa Rica,Costa Rica,CR,21.60,53.91,95.28,95.28,grupoice.com
2023-04-21 00:00:00,Costa Rica,Costa Rica,CR,55.27,104.59,87.32,87.32,grupoice.com
2023-04-22 00:00:00,Costa Rica,Costa Rica,CR,71.41,130.13,83.47,83.47,grupoice.com
2023-04-23 00:00:00,Costa Rica,Costa Rica,CR,79.71,144.47,81.37,81.37,grupoice.com
2023-04-24 00:00:00,Costa Rica,Costa Rica,CR,74.00,133.52,82.91,82.91,grupoice.com
2023-04-25 00:00:00,Costa Rica,Costa Rica,CR,85.94,152.42,79.83,79.83,grupoice.com
2023-04-26 00:00:00,Costa Rica,Costa Rica,CR,82.56,152.43,79.93,79.93,grupoice.com
2023-04-27 00:00:00,Costa Rica,Costa Rica,CR,83.93,152.87,79.84,79.84,grupoice.com
2023-04-28 00:00:00,Costa Rica,Costa Rica,CR,98.36,173.35,76.46,76.46,grupoice.com
2023-04-29 00:00:00,Costa Rica,Costa Rica,CR,101.74,179.04,75.70,75.70,grupoice.com
2023-04-30 00:00:00,Costa Rica,Costa Rica,CR,62.93,115.74,86.02,86.02,grupoice.com
2023-05-01 00:00:00,Costa Rica,Costa Rica,CR,60.39,109.63,86.46,86.46,grupoice.com
2023-05-02 00:00:00,Costa Rica,Costa Rica,CR,50.87,99.96,87.99,87.99,grupoice.com
2023-05-03 00:00:00,Costa Rica,Costa Rica,CR,56.80,103.95,87.16,87.16,grupoice.com
2023-05-04 00:00:00,Costa Rica,Costa Rica,CR,51.52,94.06,88.69,88.69,grupoice.com
2023-05-05 00:00:00,Costa Rica,Costa Rica,CR,47.36,89.89,89.38,89.38,Electricity Maps Estimation; grupoice.com
2023-05-06 00:00:00,Costa Rica,Costa Rica,CR,37.10,81.02,90.92,90.92,grupoice.com
2023-05-07 00:00:00,Costa Rica,Costa Rica,CR,31.55,72.81,92.29,92.29,grupoice.com
2023-05-08 00:00:00,Costa Rica,Costa Rica,CR,41.71,88.37,89.76,89.76,grupoice.com
2023-05-09 00:00:00,Costa Rica,Costa Rica,CR,63.77,122.81,84.34,84.34,grupoice.com
2023-05-10 00:00:00,Costa Rica,Costa Rica,CR,74.84,140.55,81.63,81.63,grupoice.com
2023-05-11 00:00:00,Costa Rica,Costa Rica,CR,86.28,158.76,78.80,78.80,grupoice.com
2023-05-12 00:00:00,Costa Rica,Costa Rica,CR,80.91,150.45,80.09,80.09,grupoice.com
2023-05-13 00:00:00,Costa Rica,Costa Rica,CR,69.40,132.36,82.96,82.96,grupoice.com
2023-05-14 00:00:00,Costa Rica,Costa Rica,CR,36.57,81.07,91.05,91.05,grupoice.com
2023-05-15 00:00:00,Costa Rica,Costa Rica,CR,70.29,133.58,82.75,82.75,grupoice.com
2023-05-16 00:00:00,Costa Rica,Costa Rica,CR,53.20,108.19,86.94,86.94,grupoice.com
2023-05-17 00:00:00,Costa Rica,Costa Rica,CR,38.44,84.86,90.57,90.57,grupoice.com
2023-05-18 00:00:00,Costa Rica,Costa Rica,CR,77.85,145.60,80.86,80.86,grupoice.com
2023-05-19 00:00:00,Costa Rica,Costa Rica,CR,80.60,148.98,80.18,80.18,grupoice.com
2023-05-20 00:00:00,Costa Rica,Costa Rica,CR,77.41,143.15,80.98,80.98,grupoice.com
2023-05-21 00:00:00,Costa Rica,Costa Rica,CR,81.35,150.11,80.02,80.02,grupoice.com
2023-05-22 00:00:00,Costa Rica,Costa Rica,CR,92.28,167.69,77.30,77.30,grupoice.com
2023-05-23 00:00:00,Costa Rica,Costa Rica,CR,85.48,157.10,78.97,78.97,grupoice.com
2023-05-24 00:00:00,Costa Rica,Costa Rica,CR,88.67,162.76,78.19,78.19,grupoice.com
2023-05-25 00:00:00,Costa Rica,Costa Rica,CR,84.62,157.12,79.19,79.19,grupoice.com
2023-05-26 00:00:00,Costa Rica,Costa Rica,CR,86.95,160.41,78.61,78.61,grupoice.com
2023-05-27 00:00:00,Costa Rica,Costa Rica,CR,91.87,168.15,77.40,77.40,grupoice.com
2023-05-28 00:00:00,Costa Rica,Costa Rica,CR,70.47,134.18,82.70,82.70,grupoice.com
2023-05-29 00:00:00,Costa Rica,Costa Rica,CR,86.16,158.23,78.83,78.83,grupoice.com
2023-05-30 00:00:00,Costa Rica,Costa Rica,CR,94.54,172.07,76.80,76.80,grupoice.com
2023-05-31 00:00:00,Costa Rica,Costa Rica,CR,86.09,159.56,78.91,78.91,grupoice.com
2023-06-01 00:00:00,Costa Rica,Costa Rica,CR,93.18,170.00,77.10,77.10,grupoice.com
2023-06-02 00:00:00,Costa Rica,Costa Rica,CR,91.52,166.95,77.49,77.49,grupoice.com
2023-06-03 00:00:00,Costa Rica,Costa Rica,CR,83.90,155.14,79.38,79.38,grupoice.com
2023-06-04 00:00:00,Costa Rica,Costa Rica,CR,88.43,162.72,78.28,78.28,grupoice.com
2023-06-05 00:00:00,Costa Rica,Costa Rica,CR,75.33,142.45,81.51,81.51,grupoice.com
2023-06-06 00:00:00,Costa Rica,Costa Rica,CR,71.86,137.20,82.37,82.37,grupoice.com
2023-06-07 00:00:00,Costa Rica,Costa Rica,CR,62.98,123.37,84.56,84.56,grupoice.com
2023-06-08 00:00:00,Costa Rica,Costa Rica,CR,50.57,104.49,87.61,87.61,grupoice.com
2023-06-09 00:00:00,Costa Rica,Costa Rica,CR,57.07,114.43,86.00,86.00,grupoice.com
2023-06-10 00:00:00,Costa Rica,Costa Rica,CR,13.29,46.41,96.76,96.76,grupoice.com
2023-06-11 00:00:00,Costa Rica,Costa Rica,CR,0.63,26.56,99.89,99.89,grupoice.com
2023-06-12 00:00:00,Costa Rica,Costa Rica,CR,2.93,29.72,99.32,99.32,grupoice.com
2023-06-13 00:00:00,Costa Rica,Costa Rica,CR,7.60,36.39,98.15,98.15,grupoice.com
2023-06-14 00:00:00,Costa Rica,Costa Rica,CR,10.90,41.64,97.33,97.33,grupoice.com
2023-06-15 00:00:00,Costa Rica,Costa Rica,CR,0.89,26.31,99.81,99.81,grupoice.com
2023-06-16 00:00:00,Costa Rica,Costa Rica,CR,0.40,25.13,99.92,99.92,grupoice.com
2023-06-17 00:00:00,Costa Rica,Costa Rica,CR,0.75,25.37,99.85,99.85,grupoice.com
2023-06-18 00:00:00,Costa Rica,Costa Rica,CR,21.09,57.54,94.84,94.84,grupoice.com
2023-06-19 00:00:00,Costa Rica,Costa Rica,CR,16.70,49.97,95.91,95.91,grupoice.com
2023-06-20 00:00:00,Costa Rica,Costa Rica,CR,38.24,82.66,90.62,90.62,grupoice.com
2023-06-21 00:00:00,Costa Rica,Costa Rica,CR,42.43,90.00,89.57,89.57,grupoice.com
2023-06-22 00:00:00,Costa Rica,Costa Rica,CR,17.64,52.55,95.67,95.67,grupoice.com
2023-06-23 00:00:00,Costa Rica,Costa Rica,CR,0.65,25.30,99.86,99.86,grupoice.com
2023-06-24 00:00:00,Costa Rica,Costa Rica,CR,0.46,25.43,99.91,99.91,grupoice.com
2023-06-25 00:00:00,Costa Rica,Costa Rica,CR,0.55,24.79,99.89,99.89,Electricity Maps Estimation; grupoice.com
2023-06-26 00:00:00,Costa Rica,Costa Rica,CR,0.70,26.58,99.85,99.85,grupoice.com
2023-06-27 00:00:00,Costa Rica,Costa Rica,CR,15.20,48.81,96.28,96.28,grupoice.com
2023-06-28 00:00:00,Costa Rica,Costa Rica,CR,0.66,25.51,99.85,99.85,grupoice.com
2023-06-29 00:00:00,Costa Rica,Costa Rica,CR,1.05,25.61,99.78,99.78,grupoice.com
2023-06-30 00:00:00,Costa Rica,Costa Rica,CR,2.34,27.65,99.45,99.45,grupoice.com
2023-07-01 00:00:00,Costa Rica,Costa Rica,CR,1.03,25.72,99.80,99.80,grupoice.com
2023-07-02 00:00:00,Costa Rica,Costa Rica,CR,1.96,28.63,99.55,99.55,grupoice.com
2023-07-03 00:00:00,Costa Rica,Costa Rica,CR,0.84,26.30,99.84,99.84,grupoice.com
2023-07-04 00:00:00,Costa Rica,Costa Rica,CR,0.63,26.01,99.88,99.88,grupoice.com
2023-07-05 00:00:00,Costa Rica,Costa Rica,CR,0.40,25.01,99.92,99.92,grupoice.com
2023-07-06 00:00:00,Costa Rica,Costa Rica,CR,0.60,26.14,99.89,99.89,grupoice.com
2023-07-07 00:00:00,Costa Rica,Costa Rica,CR,3.06,29.79,99.28,99.28,grupoice.com
2023-07-08 00:00:00,Costa Rica,Costa Rica,CR,1.00,26.46,99.80,99.80,grupoice.com
2023-07-09 00:00:00,Costa Rica,Costa Rica,CR,0.70,25.53,99.86,99.86,grupoice.com
2023-07-10 00:00:00,Costa Rica,Costa Rica,CR,4.79,31.34,98.86,98.86,grupoice.com
2023-07-11 00:00:00,Costa Rica,Costa Rica,CR,2.40,26.53,99.43,99.43,grupoice.com
2023-07-12 00:00:00,Costa Rica,Costa Rica,CR,6.27,33.15,98.50,98.50,grupoice.com
2023-07-13 00:00:00,Costa Rica,Costa Rica,CR,25.37,62.73,93.78,93.78,grupoice.com
2023-07-14 00:00:00,Costa Rica,Costa Rica,CR,16.24,48.44,96.03,96.03,grupoice.com
2023-07-15 00:00:00,Costa Rica,Costa Rica,CR,9.77,38.66,97.62,97.62,Electricity Maps Estimation; grupoice.com
2023-07-16 00:00:00,Costa Rica,Costa Rica,CR,27.52,65.68,93.26,93.26,grupoice.com
2023-07-17 00:00:00,Costa Rica,Costa Rica,CR,42.37,89.03,89.60,89.60,grupoice.com
2023-07-18 00:00:00,Costa Rica,Costa Rica,CR,6.12,32.42,98.53,98.53,grupoice.com
2023-07-19 00:00:00,Costa Rica,Costa Rica,CR,0.48,23.78,99.90,99.90,grupoice.com
2023-07-20 00:00:00,Costa Rica,Costa Rica,CR,2.09,26.45,99.53,99.53,grupoice.com
2023-07-21 00:00:00,Costa Rica,Costa Rica,CR,26.35,63.87,93.54,93.54,grupoice.com
2023-07-22 00:00:00,Costa Rica,Costa Rica,CR,15.96,48.98,96.09,96.09,Electricity Maps Estimation; grupoice.com
2023-07-23 00:00:00,Costa Rica,Costa Rica,CR,2.09,27.05,99.51,99.51,grupoice.com
2023-07-24 00:00:00,Costa Rica,Costa Rica,CR,1.06,24.77,99.78,99.78,grupoice.com
2023-07-25 00:00:00,Costa Rica,Costa Rica,CR,5.66,31.93,98.63,98.63,grupoice.com
2023-07-26 00:00:00,Costa Rica,Costa Rica,CR,19.60,53.77,95.19,95.19,grupoice.com
2023-07-27 00:00:00,Costa Rica,Costa Rica,CR,39.80,85.04,90.21,90.21,grupoice.com
2023-07-28 00:00:00,Costa Rica,Costa Rica,CR,46.68,96.09,88.54,88.54,grupoice.com
2023-07-29 00:00:00,Costa Rica,Costa Rica,CR,58.44,114.73,85.67,85.67,grupoice.com
2023-07-30 00:00:00,Costa Rica,Costa Rica,CR,62.08,119.69,84.75,84.75,grupoice.com
2023-07-31 00:00:00,Costa Rica,Costa Rica,CR,76.51,142.31,81.22,81.22,grupoice.com
2023-08-01 00:00:00,Costa Rica,Costa Rica,CR,103.60,185.80,74.58,74.58,Electricity Maps Estimation; grupoice.com
2023-08-02 00:00:00,Costa Rica,Costa Rica,CR,70.65,133.22,82.70,82.70,grupoice.com
2023-08-03 00:00:00,Costa Rica,Costa Rica,CR,62.27,120.22,84.72,84.72,grupoice.com
2023-08-04 00:00:00,Costa Rica,Costa Rica,CR,53.93,106.47,86.76,86.76,Electricity Maps Estimation; grupoice.com
2023-08-05 00:00:00,Costa Rica,Costa Rica,CR,52.83,104.45,87.05,87.05,grupoice.com
2023-08-06 00:00:00,Costa Rica,Costa Rica,CR,56.66,110.43,86.12,86.12,grupoice.com
2023-08-07 00:00:00,Costa Rica,Costa Rica,CR,78.94,145.17,80.64,80.64,Electricity Maps Estimation; grupoice.com
2023-08-08 00:00:00,Costa Rica,Costa Rica,CR,84.00,153.50,79.37,79.37,grupoice.com
2023-08-09 00:00:00,Costa Rica,Costa Rica,CR,83.25,152.52,79.55,79.55,Electricity Maps Estimation; grupoice.com
2023-08-10 00:00:00,Costa Rica,Costa Rica,CR,83.91,153.64,79.40,79.40,grupoice.com
2023-08-11 00:00:00,Costa Rica,Costa Rica,CR,86.43,157.45,78.80,78.80,Electricity Maps Estimation; grupoice.com
2023-08-12 00:00:00,Costa Rica,Costa Rica,CR,91.36,165.16,77.57,77.57,Electricity Maps Estimation; grupoice.com
2023-08-13 00:00:00,Costa Rica,Costa Rica,CR,100.53,179.91,75.37,75.37,grupoice.com
2023-08-14 00:00:00,Costa Rica,Costa Rica,CR,83.05,153.13,79.63,79.63,grupoice.com
2023-08-15 00:00:00,Costa Rica,Costa Rica,CR,73.53,138.32,81.94,81.94,grupoice.com
2023-08-16 00:00:00,Costa Rica,Costa Rica,CR,66.91,126.56,83.58,83.58,grupoice.com
2023-08-17 00:00:00,Costa Rica,Costa Rica,CR,73.43,137.28,81.98,81.98,grupoice.com
2023-08-18 00:00:00,Costa Rica,Costa Rica,CR,86.94,158.60,78.64,78.64,grupoice.com
2023-08-19 00:00:00,Costa Rica,Costa Rica,CR,72.41,135.09,82.22,82.22,grupoice.com
2023-08-20 00:00:00,Costa Rica,Costa Rica,CR,67.47,127.46,83.46,83.46,grupoice.com
2023-08-21 00:00:00,Costa Rica,Costa Rica,CR,69.83,131.89,82.87,82.87,Electricity Maps Estimation; grupoice.com
2023-08-22 00:00:00,Costa Rica,Costa Rica,CR,67.93,129.40,83.34,83.34,grupoice.com
2023-08-23 00:00:00,Costa Rica,Costa Rica,CR,18.01,52.82,95.61,95.61,grupoice.com
2023-08-24 00:00:00,Costa Rica,Costa Rica,CR,8.38,37.88,98.00,98.00,grupoice.com
2023-08-25 00:00:00,Costa Rica,Costa Rica,CR,7.89,37.64,98.11,98.11,Electricity Maps Estimation; grupoice.com
2023-08-26 00:00:00,Costa Rica,Costa Rica,CR,1.91,28.60,99.55,99.55,grupoice.com
2023-08-27 00:00:00,Costa Rica,Costa Rica,CR,0.67,26.73,99.87,99.87,Electricity Maps Estimation; grupoice.com
2023-08-28 00:00:00,Costa Rica,Costa Rica,CR,14.83,48.47,96.37,96.37,grupoice.com
2023-08-29 00:00:00,Costa Rica,Costa Rica,CR,9.60,40.27,97.67,97.67,grupoice.com
2023-08-30 00:00:00,Costa Rica,Costa Rica,CR,12.45,43.96,96.97,96.97,grupoice.com
2023-08-31 00:00:00,Costa Rica,Costa Rica,CR,48.66,99.15,88.04,88.04,Electricity Maps Estimation; grupoice.com
2023-09-01 00:00:00,Costa Rica,Costa Rica,CR,59.44,116.02,85.43,85.43,grupoice.com
2023-09-02 00:00:00,Costa Rica,Costa Rica,CR,40.85,86.93,90.02,90.02,Electricity Maps Estimation; grupoice.com
2023-09-03 00:00:00,Costa Rica,Costa Rica,CR,37.99,82.88,90.77,90.77,grupoice.com
2023-09-04 00:00:00,Costa Rica,Costa Rica,CR,74.27,139.43,81.83,81.83,Electricity Maps Estimation; grupoice.com
2023-09-05 00:00:00,Costa Rica,Costa Rica,CR,54.95,109.31,86.58,86.58,grupoice.com
2023-09-06 00:00:00,Costa Rica,Costa Rica,CR,49.90,100.44,87.83,87.83,grupoice.com
2023-09-07 00:00:00,Costa Rica,Costa Rica,CR,42.48,88.96,89.57,89.57,Electricity Maps Estimation; grupoice.com
2023-09-08 00:00:00,Costa Rica,Costa Rica,CR,41.47,87.77,89.81,89.81,Electricity Maps Estimation; grupoice.com
2023-09-09 00:00:00,Costa Rica,Costa Rica,CR,34.46,77.08,91.53,91.53,grupoice.com
2023-09-10 00:00:00,Costa Rica,Costa Rica,CR,23.63,60.29,94.24,94.24,grupoice.com
2023-09-11 00:00:00,Costa Rica,Costa Rica,CR,43.47,91.42,89.39,89.39,grupoice.com
2023-09-12 00:00:00,Costa Rica,Costa Rica,CR,41.08,87.27,89.98,89.98,grupoice.com
2023-09-13 00:00:00,Costa Rica,Costa Rica,CR,44.46,92.51,89.14,89.14,grupoice.com
2023-09-14 00:00:00,Costa Rica,Costa Rica,CR,39.98,85.68,90.24,90.24,grupoice.com
2023-09-15 00:00:00,Costa Rica,Costa Rica,CR,24.62,61.91,94.06,94.06,grupoice.com
2023-09-16 00:00:00,Costa Rica,Costa Rica,CR,13.44,44.04,96.82,96.82,grupoice.com
2023-09-17 00:00:00,Costa Rica,Costa Rica,CR,12.71,43.01,97.00,97.00,grupoice.com
2023-09-18 00:00:00,Costa Rica,Costa Rica,CR,9.82,37.93,97.68,97.68,grupoice.com
2023-09-19 00:00:00,Costa Rica,Costa Rica,CR,10.66,40.19,97.46,97.46,grupoice.com
2023-09-20 00:00:00,Costa Rica,Costa Rica,CR,4.54,30.80,98.93,98.93,grupoice.com
2023-09-21 00:00:00,Costa Rica,Costa Rica,CR,5.15,31.93,98.76,98.76,grupoice.com
2023-09-22 00:00:00,Costa Rica,Costa Rica,CR,10.68,35.92,97.73,97.73,Electricity Maps Estimation; grupoice.com
2023-09-23 00:00:00,Costa Rica,Costa Rica,CR,7.95,34.95,98.13,98.13,Electricity Maps Estimation; grupoice.com
2023-09-24 00:00:00,Costa Rica,Costa Rica,CR,20.92,53.06,95.17,95.17,Electricity Maps Estimation; grupoice.com
2023-09-25 00:00:00,Costa Rica,Costa Rica,CR,57.82,111.68,86.00,86.00,Electricity Maps Estimation; grupoice.com
2023-09-26 00:00:00,Costa Rica,Costa Rica,CR,31.58,73.61,92.28,92.28,Electricity Maps Estimation; grupoice.com
2023-09-27 00:00:00,Costa Rica,Costa Rica,CR,47.01,97.66,88.46,88.46,Electricity Maps Estimation; grupoice.com
2023-09-28 00:00:00,Costa Rica,Costa Rica,CR,12.55,44.33,96.92,96.92,Electricity Maps Estimation; grupoice.com
2023-09-29 00:00:00,Costa Rica,Costa Rica,CR,9.67,38.83,97.74,97.74,Electricity Maps Estimation; grupoice.com
2023-09-30 00:00:00,Costa Rica,Costa Rica,CR,11.87,40.11,97.38,97.38,Electricity Maps Estimation; grupoice.com
2023-10-01 00:00:00,Costa Rica,Costa Rica,CR,6.53,34.56,98.45,98.45,grupoice.com
2023-10-02 00:00:00,Costa Rica,Costa Rica,CR,17.81,52.33,95.66,95.66,grupoice.com
2023-10-03 00:00:00,Costa Rica,Costa Rica,CR,52.91,106.66,87.03,87.03,grupoice.com
2023-10-04 00:00:00,Costa Rica,Costa Rica,CR,52.09,105.65,87.24,87.24,grupoice.com
2023-10-05 00:00:00,Costa Rica,Costa Rica,CR,37.71,83.39,90.81,90.81,grupoice.com
2023-10-06 00:00:00,Costa Rica,Costa Rica,CR,50.74,103.47,87.60,87.60,grupoice.com
2023-10-07 00:00:00,Costa Rica,Costa Rica,CR,49.91,102.07,87.81,87.81,grupoice.com
2023-10-08 00:00:00,Costa Rica,Costa Rica,CR,29.09,69.64,92.95,92.95,grupoice.com
2023-10-09 00:00:00,Costa Rica,Costa Rica,CR,45.06,94.15,89.00,89.00,grupoice.com
2023-10-10 00:00:00,Costa Rica,Costa Rica,CR,53.45,107.95,86.88,86.88,grupoice.com
2023-10-11 00:00:00,Costa Rica,Costa Rica,CR,43.56,92.68,89.33,89.33,grupoice.com
2023-10-12 00:00:00,Costa Rica,Costa Rica,CR,40.46,87.80,90.09,90.09,grupoice.com
2023-10-13 00:00:00,Costa Rica,Costa Rica,CR,45.11,94.83,88.96,88.96,grupoice.com
2023-10-14 00:00:00,Costa Rica,Costa Rica,CR,32.90,76.17,91.94,91.94,grupoice.com
2023-10-15 00:00:00,Costa Rica,Costa Rica,CR,6.90,36.20,98.34,98.34,grupoice.com
2023-10-16 00:00:00,Costa Rica,Costa Rica,CR,15.23,48.89,96.30,96.30,grupoice.com
2023-10-17 00:00:00,Costa Rica,Costa Rica,CR,5.66,33.14,98.67,98.67,grupoice.com
2023-10-18 00:00:00,Costa Rica,Costa Rica,CR,2.98,28.79,99.31,99.31,grupoice.com
2023-10-19 00:00:00,Costa Rica,Costa Rica,CR,2.30,27.76,99.46,99.46,grupoice.com
2023-10-20 00:00:00,Costa Rica,Costa Rica,CR,7.74,36.73,98.13,98.13,grupoice.com
2023-10-21 00:00:00,Costa Rica,Costa Rica,CR,0.55,25.87,99.87,99.87,grupoice.com
2023-10-22 00:00:00,Costa Rica,Costa Rica,CR,0.11,24.53,99.98,99.98,grupoice.com
2023-10-23 00:00:00,Costa Rica,Costa Rica,CR,16.19,49.80,96.03,96.03,grupoice.com
2023-10-24 00:00:00,Costa Rica,Costa Rica,CR,20.87,57.18,94.89,94.89,grupoice.com
2023-10-25 00:00:00,Costa Rica,Costa Rica,CR,8.13,37.71,98.02,98.02,grupoice.com
2023-10-26 00:00:00,Costa Rica,Costa Rica,CR,1.28,27.16,99.71,99.71,grupoice.com
2023-10-27 00:00:00,Costa Rica,Costa Rica,CR,0.80,26.30,99.83,99.83,grupoice.com
2023-10-28 00:00:00,Costa Rica,Costa Rica,CR,2.07,28.49,99.51,99.51,grupoice.com
2023-10-29 00:00:00,Costa Rica,Costa Rica,CR,0.67,26.35,99.85,99.85,grupoice.com
2023-10-30 00:00:00,Costa Rica,Costa Rica,CR,5.84,34.01,98.61,98.61,grupoice.com
2023-10-31 00:00:00,Costa Rica,Costa Rica,CR,7.42,36.69,98.20,98.20,grupoice.com
2023-11-01 00:00:00,Costa Rica,Costa Rica,CR,2.56,29.11,99.43,99.43,grupoice.com
2023-11-02 00:00:00,Costa Rica,Costa Rica,CR,1.17,26.59,99.77,99.77,grupoice.com
2023-11-03 00:00:00,Costa Rica,Costa Rica,CR,0.62,25.94,99.90,99.90,grupoice.com
2023-11-04 00:00:00,Costa Rica,Costa Rica,CR,0.64,25.26,99.89,99.89,grupoice.com
2023-11-05 00:00:00,Costa Rica,Costa Rica,CR,0.45,25.50,99.92,99.92,grupoice.com
2023-11-06 00:00:00,Costa Rica,Costa Rica,CR,0.63,25.81,99.88,99.88,grupoice.com
2023-11-07 00:00:00,Costa Rica,Costa Rica,CR,0.68,25.48,99.85,99.85,grupoice.com
2023-11-08 00:00:00,Costa Rica,Costa Rica,CR,2.85,28.15,99.32,99.32,grupoice.com
2023-11-09 00:00:00,Costa Rica,Costa Rica,CR,1.13,24.44,99.77,99.77,grupoice.com
2023-11-10 00:00:00,Costa Rica,Costa Rica,CR,1.18,25.41,99.72,99.72,grupoice.com
2023-11-11 00:00:00,Costa Rica,Costa Rica,CR,17.99,51.22,95.59,95.59,grupoice.com
2023-11-12 00:00:00,Costa Rica,Costa Rica,CR,2.06,26.21,99.52,99.52,grupoice.com
2023-11-13 00:00:00,Costa Rica,Costa Rica,CR,1.38,25.58,99.68,99.68,grupoice.com
2023-11-14 00:00:00,Costa Rica,Costa Rica,CR,26.14,64.46,93.57,93.57,grupoice.com
2023-11-15 00:00:00,Costa Rica,Costa Rica,CR,31.19,72.61,92.34,92.34,grupoice.com
2023-11-16 00:00:00,Costa Rica,Costa Rica,CR,34.99,79.23,91.39,91.39,grupoice.com
2023-11-17 00:00:00,Costa Rica,Costa Rica,CR,9.98,40.47,97.55,97.55,grupoice.com
2023-11-18 00:00:00,Costa Rica,Costa Rica,CR,2.00,28.32,99.51,99.51,grupoice.com
2023-11-19 00:00:00,Costa Rica,Costa Rica,CR,0.52,25.95,99.88,99.88,grupoice.com
2023-11-20 00:00:00,Costa Rica,Costa Rica,CR,0.45,25.54,99.89,99.89,grupoice.com
2023-11-21 00:00:00,Costa Rica,Costa Rica,CR,3.95,30.50,99.03,99.03,grupoice.com
2023-11-22 00:00:00,Costa Rica,Costa Rica,CR,4.14,29.45,98.99,98.99,grupoice.com
2023-11-23 00:00:00,Costa Rica,Costa Rica,CR,0.11,23.80,99.97,99.97,grupoice.com
2023-11-24 00:00:00,Costa Rica,Costa Rica,CR,0.42,24.72,99.89,99.89,grupoice.com
2023-11-25 00:00:00,Costa Rica,Costa Rica,CR,0.66,25.12,99.83,99.83,grupoice.com
2023-11-26 00:00:00,Costa Rica,Costa Rica,CR,0.28,24.27,99.93,99.93,grupoice.com
2023-11-27 00:00:00,Costa Rica,Costa Rica,CR,0.23,23.08,99.94,99.94,grupoice.com
2023-11-28 00:00:00,Costa Rica,Costa Rica,CR,0.27,22.98,99.93,99.93,grupoice.com
2023-11-29 00:00:00,Costa Rica,Costa Rica,CR,0.24,23.14,99.94,99.94,grupoice.com
2023-11-30 00:00:00,Costa Rica,Costa Rica,CR,0.25,23.21,99.93,99.93,grupoice.com
2023-12-01 00:00:00,Costa Rica,Costa Rica,CR,0.23,23.00,99.94,99.94,grupoice.com
2023-12-02 00:00:00,Costa Rica,Costa Rica,CR,0.22,23.23,99.94,99.94,grupoice.com
2023-12-03 00:00:00,Costa Rica,Costa Rica,CR,0.17,23.20,99.95,99.95,grupoice.com
2023-12-04 00:00:00,Costa Rica,Costa Rica,CR,0.56,23.47,99.86,99.86,grupoice.com
2023-12-05 00:00:00,Costa Rica,Costa Rica,CR,27.04,64.83,93.34,93.34,grupoice.com
2023-12-06 00:00:00,Costa Rica,Costa Rica,CR,36.05,79.04,91.12,91.12,grupoice.com
2023-12-07 00:00:00,Costa Rica,Costa Rica,CR,13.85,45.00,96.58,96.58,grupoice.com
2023-12-08 00:00:00,Costa Rica,Costa Rica,CR,21.75,58.01,94.64,94.64,grupoice.com
2023-12-09 00:00:00,Costa Rica,Costa Rica,CR,36.04,79.43,91.12,91.12,grupoice.com
2023-12-10 00:00:00,Costa Rica,Costa Rica,CR,52.21,104.46,87.14,87.14,grupoice.com
2023-12-11 00:00:00,Costa Rica,Costa Rica,CR,52.85,105.34,86.98,86.98,grupoice.com
2023-12-12 00:00:00,Costa Rica,Costa Rica,CR,44.87,92.52,88.94,88.94,grupoice.com
2023-12-13 00:00:00,Costa Rica,Costa Rica,CR,33.17,75.67,91.82,91.82,grupoice.com
2023-12-14 00:00:00,Costa Rica,Costa Rica,CR,22.94,61.33,94.35,94.35,grupoice.com
2023-12-15 00:00:00,Costa Rica,Costa Rica,CR,17.83,53.51,95.61,95.61,grupoice.com
2023-12-16 00:00:00,Costa Rica,Costa Rica,CR,37.12,84.10,90.85,90.85,grupoice.com
2023-12-17 00:00:00,Costa Rica,Costa Rica,CR,31.98,75.34,92.11,92.11,grupoice.com
2023-12-18 00:00:00,Costa Rica,Costa Rica,CR,12.21,44.11,96.98,96.98,grupoice.com
2023-12-19 00:00:00,Costa Rica,Costa Rica,CR,2.83,31.23,99.30,99.30,grupoice.com
2023-12-20 00:00:00,Costa Rica,Costa Rica,CR,1.28,28.02,99.68,99.68,grupoice.com
2023-12-21 00:00:00,Costa Rica,Costa Rica,CR,0.13,25.54,99.97,99.97,grupoice.com
2023-12-22 00:00:00,Costa Rica,Costa Rica,CR,0.12,25.79,99.97,99.97,grupoice.com
2023-12-23 00:00:00,Costa Rica,Costa Rica,CR,0.06,25.93,99.98,99.98,grupoice.com
2023-12-24 00:00:00,Costa Rica,Costa Rica,CR,0.23,26.68,99.94,99.94,grupoice.com
2023-12-25 00:00:00,Costa Rica,Costa Rica,CR,0.22,27.62,99.94,99.94,grupoice.com
2023-12-26 00:00:00,Costa Rica,Costa Rica,CR,2.06,30.56,99.49,99.49,grupoice.com
2023-12-27 00:00:00,Costa Rica,Costa Rica,CR,44.40,96.38,89.06,89.06,grupoice.com
2023-12-28 00:00:00,Costa Rica,Costa Rica,CR,58.60,118.82,85.56,85.56,grupoice.com
2023-12-29 00:00:00,Costa Rica,Costa Rica,CR,58.88,119.05,85.49,85.49,grupoice.com
2023-12-30 00:00:00,Costa Rica,Costa Rica,CR,19.52,56.98,95.19,95.19,grupoice.com
2023-12-31 00:00:00,Costa Rica,Costa Rica,CR,0.22,26.50,99.94,99.94,grupoice.com
